{"map": 0.007404952367454237, "mrr": 0.0035182708027509182}