{"map": 0.02366440982461739, "mrr": 0.020555140258784434}