{"map": 0.004986866614627045, "mrr": 0.00040294107267605417}