{"map": 0.023694508618656854, "mrr": 0.004548295374759575}